,contributors,coordinates,created_at,entities,extended_entities,favorite_count,favorited,geo,id,id_str,in_reply_to_screen_name,in_reply_to_status_id,in_reply_to_status_id_str,in_reply_to_user_id,in_reply_to_user_id_str,is_quote_status,lang,place,possibly_sensitive,retweet_count,retweeted,source,text,truncated,user
0,,,Sat Jul 15 20:29:54 +0000 2017,"{'hashtags': [{'text': 'USWomensOpen', 'indices': [16, 29]}], 'symbols': [], 'user_mentions': [], 'urls': []}",,39273,False,,886321948275429381,886321948275429381,,,,,,False,en,,,7556,False,"<a href=""http://twitter.com/download/iphone"" rel=""nofollow"">Twitter for iPhone</a>","Just got to the #USWomensOpen in Bedminster, New Jersey. People are really happy with record high stock market - up over 17% since election!",False,"{'id': 25073877, 'id_str': '25073877', 'name': 'Donald J. Trump', 'screen_name': 'realDonaldTrump', 'location': 'Washington, DC', 'description': '45th President of the United States of America', 'url': None, 'entities': {'description': {'urls': []}}, 'protected': False, 'followers_count': 33856515, 'friends_count': 45, 'listed_count': 73040, 'created_at': 'Wed Mar 18 13:46:38 +0000 2009', 'favourites_count': 14, 'utc_offset': -14400, 'time_zone': 'Eastern Time (US & Canada)', 'geo_enabled': True, 'verified': True, 'statuses_count': 35298, 'lang': 'en', 'contributors_enabled': False, 'is_translator': False, 'is_translation_enabled': True, 'profile_background_color': '6D5C18', 'profile_background_image_url': 'http://pbs.twimg.com/profile_background_images/530021613/trump_scotland__43_of_70_cc.jpg', 'profile_background_image_url_https': 'https://pbs.twimg.com/profile_background_images/530021613/trump_scotland__43_of_70_cc.jpg', 'profile_background_tile': True, 'profile_image_url': 'http://pbs.twimg.com/profile_images/874276197357596672/kUuht00m_normal.jpg', 'profile_image_url_https': 'https://pbs.twimg.com/profile_images/874276197357596672/kUuht00m_normal.jpg', 'profile_banner_url': 'https://pbs.twimg.com/profile_banners/25073877/1500067474', 'profile_link_color': '1B95E0', 'profile_sidebar_border_color': 'BDDCAD', 'profile_sidebar_fill_color': 'C5CEC0', 'profile_text_color': '333333', 'profile_use_background_image': True, 'has_extended_profile': False, 'default_profile': False, 'default_profile_image': False, 'following': True, 'follow_request_sent': False, 'notifications': True, 'translator_type': 'regular'}"
1,,,Sat Jul 15 20:19:28 +0000 2017,"{'hashtags': [], 'symbols': [], 'user_mentions': [], 'urls': [], 'media': [{'id': 886319316894744576, 'id_str': '886319316894744576', 'indices': [26, 49], 'media_url': 'http://pbs.twimg.com/media/DEzWuQkUAAARsCN.jpg', 'media_url_https': 'https://pbs.twimg.com/media/DEzWuQkUAAARsCN.jpg', 'url': 'https://t.co/3eYF3nir4B', 'display_url': 'pic.twitter.com/3eYF3nir4B', 'expanded_url': 'https://twitter.com/realDonaldTrump/status/886319322154586112/photo/1', 'type': 'photo', 'sizes': {'thumb': {'w': 150, 'h': 150, 'resize': 'crop'}, 'medium': {'w': 640, 'h': 320, 'resize': 'fit'}, 'small': {'w': 640, 'h': 320, 'resize': 'fit'}, 'large': {'w': 640, 'h': 320, 'resize': 'fit'}}}]}","{'media': [{'id': 886319316894744576, 'id_str': '886319316894744576', 'indices': [26, 49], 'media_url': 'http://pbs.twimg.com/media/DEzWuQkUAAARsCN.jpg', 'media_url_https': 'https://pbs.twimg.com/media/DEzWuQkUAAARsCN.jpg', 'url': 'https://t.co/3eYF3nir4B', 'display_url': 'pic.twitter.com/3eYF3nir4B', 'expanded_url': 'https://twitter.com/realDonaldTrump/status/886319322154586112/photo/1', 'type': 'photo', 'sizes': {'thumb': {'w': 150, 'h': 150, 'resize': 'crop'}, 'medium': {'w': 640, 'h': 320, 'resize': 'fit'}, 'small': {'w': 640, 'h': 320, 'resize': 'fit'}, 'large': {'w': 640, 'h': 320, 'resize': 'fit'}}}]}",35925,False,,886319322154586112,886319322154586112,,,,,,False,en,,False,8750,False,"<a href=""http://twitter.com/download/iphone"" rel=""nofollow"">Twitter for iPhone</a>",MAKE AMERICA GREAT AGAIN! https://t.co/3eYF3nir4B,False,"{'id': 25073877, 'id_str': '25073877', 'name': 'Donald J. Trump', 'screen_name': 'realDonaldTrump', 'location': 'Washington, DC', 'description': '45th President of the United States of America', 'url': None, 'entities': {'description': {'urls': []}}, 'protected': False, 'followers_count': 33856515, 'friends_count': 45, 'listed_count': 73040, 'created_at': 'Wed Mar 18 13:46:38 +0000 2009', 'favourites_count': 14, 'utc_offset': -14400, 'time_zone': 'Eastern Time (US & Canada)', 'geo_enabled': True, 'verified': True, 'statuses_count': 35298, 'lang': 'en', 'contributors_enabled': False, 'is_translator': False, 'is_translation_enabled': True, 'profile_background_color': '6D5C18', 'profile_background_image_url': 'http://pbs.twimg.com/profile_background_images/530021613/trump_scotland__43_of_70_cc.jpg', 'profile_background_image_url_https': 'https://pbs.twimg.com/profile_background_images/530021613/trump_scotland__43_of_70_cc.jpg', 'profile_background_tile': True, 'profile_image_url': 'http://pbs.twimg.com/profile_images/874276197357596672/kUuht00m_normal.jpg', 'profile_image_url_https': 'https://pbs.twimg.com/profile_images/874276197357596672/kUuht00m_normal.jpg', 'profile_banner_url': 'https://pbs.twimg.com/profile_banners/25073877/1500067474', 'profile_link_color': '1B95E0', 'profile_sidebar_border_color': 'BDDCAD', 'profile_sidebar_fill_color': 'C5CEC0', 'profile_text_color': '333333', 'profile_use_background_image': True, 'has_extended_profile': False, 'default_profile': False, 'default_profile_image': False, 'following': True, 'follow_request_sent': False, 'notifications': True, 'translator_type': 'regular'}"
2,,,Sat Jul 15 17:56:57 +0000 2017,"{'hashtags': [{'text': 'WeeklyAddress', 'indices': [100, 114]}], 'symbols': [], 'user_mentions': [], 'urls': [], 'media': [{'id': 886274422717509633, 'id_str': '886274422717509633', 'indices': [117, 140], 'media_url': 'http://pbs.twimg.com/amplify_video_thumb/886274422717509633/img/ExJQBROrBq5b4nWB.jpg', 'media_url_https': 'https://pbs.twimg.com/amplify_video_thumb/886274422717509633/img/ExJQBROrBq5b4nWB.jpg', 'url': 'https://t.co/xjVDkgo1NK', 'display_url': 'pic.twitter.com/xjVDkgo1NK', 'expanded_url': 'https://twitter.com/realDonaldTrump/status/886283456644251652/video/1', 'type': 'photo', 'sizes': {'thumb': {'w': 150, 'h': 150, 'resize': 'crop'}, 'medium': {'w': 600, 'h': 338, 'resize': 'fit'}, 'small': {'w': 340, 'h': 191, 'resize': 'fit'}, 'large': {'w': 1024, 'h': 576, 'resize': 'fit'}}}]}","{'media': [{'id': 886274422717509633, 'id_str': '886274422717509633', 'indices': [117, 140], 'media_url': 'http://pbs.twimg.com/amplify_video_thumb/886274422717509633/img/ExJQBROrBq5b4nWB.jpg', 'media_url_https': 'https://pbs.twimg.com/amplify_video_thumb/886274422717509633/img/ExJQBROrBq5b4nWB.jpg', 'url': 'https://t.co/xjVDkgo1NK', 'display_url': 'pic.twitter.com/xjVDkgo1NK', 'expanded_url': 'https://twitter.com/realDonaldTrump/status/886283456644251652/video/1', 'type': 'video', 'sizes': {'thumb': {'w': 150, 'h': 150, 'resize': 'crop'}, 'medium': {'w': 600, 'h': 338, 'resize': 'fit'}, 'small': {'w': 340, 'h': 191, 'resize': 'fit'}, 'large': {'w': 1024, 'h': 576, 'resize': 'fit'}}, 'video_info': {'aspect_ratio': [16, 9], 'duration_millis': 278945, 'variants': [{'bitrate': 2176000, 'content_type': 'video/mp4', 'url': 'https://video.twimg.com/amplify_video/886274422717509633/vid/1280x720/pPxohnI3Yz7eool1.mp4'}, {'bitrate': 832000, 'content_type': 'video/mp4', 'url': 'https://video.twimg.com/amplify_video/886274422717509633/vid/640x360/ObDFsJjxsAVDBQjV.mp4'}, {'bitrate': 320000, 'content_type': 'video/mp4', 'url': 'https://video.twimg.com/amplify_video/886274422717509633/vid/320x180/bAb9U5ojzH-mSzQK.mp4'}, {'content_type': 'application/x-mpegURL', 'url': 'https://video.twimg.com/amplify_video/886274422717509633/pl/pUW8K1v7woIJ6ylO.m3u8'}]}, 'additional_media_info': {'title': ""PRESIDENT TRUMP'S WEEKLY ADDRESS"", 'description': '', 'embeddable': True, 'monetizable': False}}]}",36935,False,,886283456644251652,886283456644251652,,,,,,False,en,,False,8858,False,"<a href=""https://studio.twitter.com"" rel=""nofollow"">Media Studio</a>",Next week the Senate is going to vote on legislation to save Americans from the ObamaCare DISASTER. #WeeklyAddressðŸ‡ºðŸ‡¸ https://t.co/xjVDkgo1NK,False,"{'id': 25073877, 'id_str': '25073877', 'name': 'Donald J. Trump', 'screen_name': 'realDonaldTrump', 'location': 'Washington, DC', 'description': '45th President of the United States of America', 'url': None, 'entities': {'description': {'urls': []}}, 'protected': False, 'followers_count': 33856515, 'friends_count': 45, 'listed_count': 73040, 'created_at': 'Wed Mar 18 13:46:38 +0000 2009', 'favourites_count': 14, 'utc_offset': -14400, 'time_zone': 'Eastern Time (US & Canada)', 'geo_enabled': True, 'verified': True, 'statuses_count': 35298, 'lang': 'en', 'contributors_enabled': False, 'is_translator': False, 'is_translation_enabled': True, 'profile_background_color': '6D5C18', 'profile_background_image_url': 'http://pbs.twimg.com/profile_background_images/530021613/trump_scotland__43_of_70_cc.jpg', 'profile_background_image_url_https': 'https://pbs.twimg.com/profile_background_images/530021613/trump_scotland__43_of_70_cc.jpg', 'profile_background_tile': True, 'profile_image_url': 'http://pbs.twimg.com/profile_images/874276197357596672/kUuht00m_normal.jpg', 'profile_image_url_https': 'https://pbs.twimg.com/profile_images/874276197357596672/kUuht00m_normal.jpg', 'profile_banner_url': 'https://pbs.twimg.com/profile_banners/25073877/1500067474', 'profile_link_color': '1B95E0', 'profile_sidebar_border_color': 'BDDCAD', 'profile_sidebar_fill_color': 'C5CEC0', 'profile_text_color': '333333', 'profile_use_background_image': True, 'has_extended_profile': False, 'default_profile': False, 'default_profile_image': False, 'following': True, 'follow_request_sent': False, 'notifications': True, 'translator_type': 'regular'}"
3,,,Sat Jul 15 16:33:34 +0000 2017,"{'hashtags': [], 'symbols': [], 'user_mentions': [], 'urls': []}",,40199,False,,886262474277888002,886262474277888002,,,,,,False,en,,,5563,False,"<a href=""http://twitter.com/download/iphone"" rel=""nofollow"">Twitter for iPhone</a>",Will be at the Women's U.S. Open today!,False,"{'id': 25073877, 'id_str': '25073877', 'name': 'Donald J. Trump', 'screen_name': 'realDonaldTrump', 'location': 'Washington, DC', 'description': '45th President of the United States of America', 'url': None, 'entities': {'description': {'urls': []}}, 'protected': False, 'followers_count': 33856515, 'friends_count': 45, 'listed_count': 73040, 'created_at': 'Wed Mar 18 13:46:38 +0000 2009', 'favourites_count': 14, 'utc_offset': -14400, 'time_zone': 'Eastern Time (US & Canada)', 'geo_enabled': True, 'verified': True, 'statuses_count': 35298, 'lang': 'en', 'contributors_enabled': False, 'is_translator': False, 'is_translation_enabled': True, 'profile_background_color': '6D5C18', 'profile_background_image_url': 'http://pbs.twimg.com/profile_background_images/530021613/trump_scotland__43_of_70_cc.jpg', 'profile_background_image_url_https': 'https://pbs.twimg.com/profile_background_images/530021613/trump_scotland__43_of_70_cc.jpg', 'profile_background_tile': True, 'profile_image_url': 'http://pbs.twimg.com/profile_images/874276197357596672/kUuht00m_normal.jpg', 'profile_image_url_https': 'https://pbs.twimg.com/profile_images/874276197357596672/kUuht00m_normal.jpg', 'profile_banner_url': 'https://pbs.twimg.com/profile_banners/25073877/1500067474', 'profile_link_color': '1B95E0', 'profile_sidebar_border_color': 'BDDCAD', 'profile_sidebar_fill_color': 'C5CEC0', 'profile_text_color': '333333', 'profile_use_background_image': True, 'has_extended_profile': False, 'default_profile': False, 'default_profile_image': False, 'following': True, 'follow_request_sent': False, 'notifications': True, 'translator_type': 'regular'}"
4,,,Sat Jul 15 16:30:23 +0000 2017,"{'hashtags': [], 'symbols': [], 'user_mentions': [], 'urls': []}",,58921,False,,886261674029854721,886261674029854721,,,,,,False,en,,,13707,False,"<a href=""http://twitter.com/download/iphone"" rel=""nofollow"">Twitter for iPhone</a>","Stock Market hit another all-time high yesterday - despite the Russian hoax story! Also, jobs numbers are starting to look very good!",False,"{'id': 25073877, 'id_str': '25073877', 'name': 'Donald J. Trump', 'screen_name': 'realDonaldTrump', 'location': 'Washington, DC', 'description': '45th President of the United States of America', 'url': None, 'entities': {'description': {'urls': []}}, 'protected': False, 'followers_count': 33856515, 'friends_count': 45, 'listed_count': 73040, 'created_at': 'Wed Mar 18 13:46:38 +0000 2009', 'favourites_count': 14, 'utc_offset': -14400, 'time_zone': 'Eastern Time (US & Canada)', 'geo_enabled': True, 'verified': True, 'statuses_count': 35298, 'lang': 'en', 'contributors_enabled': False, 'is_translator': False, 'is_translation_enabled': True, 'profile_background_color': '6D5C18', 'profile_background_image_url': 'http://pbs.twimg.com/profile_background_images/530021613/trump_scotland__43_of_70_cc.jpg', 'profile_background_image_url_https': 'https://pbs.twimg.com/profile_background_images/530021613/trump_scotland__43_of_70_cc.jpg', 'profile_background_tile': True, 'profile_image_url': 'http://pbs.twimg.com/profile_images/874276197357596672/kUuht00m_normal.jpg', 'profile_image_url_https': 'https://pbs.twimg.com/profile_images/874276197357596672/kUuht00m_normal.jpg', 'profile_banner_url': 'https://pbs.twimg.com/profile_banners/25073877/1500067474', 'profile_link_color': '1B95E0', 'profile_sidebar_border_color': 'BDDCAD', 'profile_sidebar_fill_color': 'C5CEC0', 'profile_text_color': '333333', 'profile_use_background_image': True, 'has_extended_profile': False, 'default_profile': False, 'default_profile_image': False, 'following': True, 'follow_request_sent': False, 'notifications': True, 'translator_type': 'regular'}"
5,,,Sat Jul 15 16:21:12 +0000 2017,"{'hashtags': [], 'symbols': [], 'user_mentions': [], 'urls': []}",,58879,False,,886259363412926464,886259363412926464,,,,,,False,en,,,12238,False,"<a href=""http://twitter.com/download/iphone"" rel=""nofollow"">Twitter for iPhone</a>",Stock Market at new all-time high! Working on new trade deals that will be great for U.S. and its workers!,False,"{'id': 25073877, 'id_str': '25073877', 'name': 'Donald J. Trump', 'screen_name': 'realDonaldTrump', 'location': 'Washington, DC', 'description': '45th President of the United States of America', 'url': None, 'entities': {'description': {'urls': []}}, 'protected': False, 'followers_count': 33856515, 'friends_count': 45, 'listed_count': 73040, 'created_at': 'Wed Mar 18 13:46:38 +0000 2009', 'favourites_count': 14, 'utc_offset': -14400, 'time_zone': 'Eastern Time (US & Canada)', 'geo_enabled': True, 'verified': True, 'statuses_count': 35298, 'lang': 'en', 'contributors_enabled': False, 'is_translator': False, 'is_translation_enabled': True, 'profile_background_color': '6D5C18', 'profile_background_image_url': 'http://pbs.twimg.com/profile_background_images/530021613/trump_scotland__43_of_70_cc.jpg', 'profile_background_image_url_https': 'https://pbs.twimg.com/profile_background_images/530021613/trump_scotland__43_of_70_cc.jpg', 'profile_background_tile': True, 'profile_image_url': 'http://pbs.twimg.com/profile_images/874276197357596672/kUuht00m_normal.jpg', 'profile_image_url_https': 'https://pbs.twimg.com/profile_images/874276197357596672/kUuht00m_normal.jpg', 'profile_banner_url': 'https://pbs.twimg.com/profile_banners/25073877/1500067474', 'profile_link_color': '1B95E0', 'profile_sidebar_border_color': 'BDDCAD', 'profile_sidebar_fill_color': 'C5CEC0', 'profile_text_color': '333333', 'profile_use_background_image': True, 'has_extended_profile': False, 'default_profile': False, 'default_profile_image': False, 'following': True, 'follow_request_sent': False, 'notifications': True, 'translator_type': 'regular'}"
6,,,Sat Jul 15 03:02:59 +0000 2017,"{'hashtags': [{'text': 'USWomensOpen', 'indices': [23, 36]}], 'symbols': [], 'user_mentions': [{'screen_name': 'USGA', 'name': 'USGA', 'id': 16257130, 'id_str': '16257130', 'indices': [17, 22]}], 'urls': []}",,43195,False,,886058483392622592,886058483392622592,,,,,,False,en,,,6969,False,"<a href=""http://twitter.com/download/iphone"" rel=""nofollow"">Twitter for iPhone</a>","I will be at the @USGA #USWomensOpen in Bedminster, NJ tomorrow. Big crowds expected &amp; the women are playing great-should be very exciting!",False,"{'id': 25073877, 'id_str': '25073877', 'name': 'Donald J. Trump', 'screen_name': 'realDonaldTrump', 'location': 'Washington, DC', 'description': '45th President of the United States of America', 'url': None, 'entities': {'description': {'urls': []}}, 'protected': False, 'followers_count': 33856515, 'friends_count': 45, 'listed_count': 73040, 'created_at': 'Wed Mar 18 13:46:38 +0000 2009', 'favourites_count': 14, 'utc_offset': -14400, 'time_zone': 'Eastern Time (US & Canada)', 'geo_enabled': True, 'verified': True, 'statuses_count': 35298, 'lang': 'en', 'contributors_enabled': False, 'is_translator': False, 'is_translation_enabled': True, 'profile_background_color': '6D5C18', 'profile_background_image_url': 'http://pbs.twimg.com/profile_background_images/530021613/trump_scotland__43_of_70_cc.jpg', 'profile_background_image_url_https': 'https://pbs.twimg.com/profile_background_images/530021613/trump_scotland__43_of_70_cc.jpg', 'profile_background_tile': True, 'profile_image_url': 'http://pbs.twimg.com/profile_images/874276197357596672/kUuht00m_normal.jpg', 'profile_image_url_https': 'https://pbs.twimg.com/profile_images/874276197357596672/kUuht00m_normal.jpg', 'profile_banner_url': 'https://pbs.twimg.com/profile_banners/25073877/1500067474', 'profile_link_color': '1B95E0', 'profile_sidebar_border_color': 'BDDCAD', 'profile_sidebar_fill_color': 'C5CEC0', 'profile_text_color': '333333', 'profile_use_background_image': True, 'has_extended_profile': False, 'default_profile': False, 'default_profile_image': False, 'following': True, 'follow_request_sent': False, 'notifications': True, 'translator_type': 'regular'}"
7,,,Sat Jul 15 01:34:31 +0000 2017,"{'hashtags': [], 'symbols': [], 'user_mentions': [], 'urls': [{'url': 'https://t.co/bV3TzhqQfK', 'expanded_url': 'https://twitter.com/i/web/status/886036222308757504', 'display_url': 'twitter.com/i/web/status/8â€¦', 'indices': [116, 139]}]}",,91203,False,,886036222308757504,886036222308757504,,,,,,False,en,,False,19230,False,"<a href=""http://twitter.com/download/iphone"" rel=""nofollow"">Twitter for iPhone</a>",Honored to serve as Commander-in-Chief to the courageous men and women of our U.S. Armed Forces. A grateful nationâ€¦ https://t.co/bV3TzhqQfK,True,"{'id': 25073877, 'id_str': '25073877', 'name': 'Donald J. Trump', 'screen_name': 'realDonaldTrump', 'location': 'Washington, DC', 'description': '45th President of the United States of America', 'url': None, 'entities': {'description': {'urls': []}}, 'protected': False, 'followers_count': 33856515, 'friends_count': 45, 'listed_count': 73040, 'created_at': 'Wed Mar 18 13:46:38 +0000 2009', 'favourites_count': 14, 'utc_offset': -14400, 'time_zone': 'Eastern Time (US & Canada)', 'geo_enabled': True, 'verified': True, 'statuses_count': 35298, 'lang': 'en', 'contributors_enabled': False, 'is_translator': False, 'is_translation_enabled': True, 'profile_background_color': '6D5C18', 'profile_background_image_url': 'http://pbs.twimg.com/profile_background_images/530021613/trump_scotland__43_of_70_cc.jpg', 'profile_background_image_url_https': 'https://pbs.twimg.com/profile_background_images/530021613/trump_scotland__43_of_70_cc.jpg', 'profile_background_tile': True, 'profile_image_url': 'http://pbs.twimg.com/profile_images/874276197357596672/kUuht00m_normal.jpg', 'profile_image_url_https': 'https://pbs.twimg.com/profile_images/874276197357596672/kUuht00m_normal.jpg', 'profile_banner_url': 'https://pbs.twimg.com/profile_banners/25073877/1500067474', 'profile_link_color': '1B95E0', 'profile_sidebar_border_color': 'BDDCAD', 'profile_sidebar_fill_color': 'C5CEC0', 'profile_text_color': '333333', 'profile_use_background_image': True, 'has_extended_profile': False, 'default_profile': False, 'default_profile_image': False, 'following': True, 'follow_request_sent': False, 'notifications': True, 'translator_type': 'regular'}"
8,,,Fri Jul 14 22:39:14 +0000 2017,"{'hashtags': [], 'symbols': [], 'user_mentions': [{'screen_name': 'EmmanuelMacron', 'name': 'Emmanuel Macron', 'id': 1976143068, 'id_str': '1976143068', 'indices': [10, 25]}], 'urls': [{'url': 'https://t.co/TQH3wEGxT8', 'expanded_url': 'https://twitter.com/i/web/status/885992108565291008', 'display_url': 'twitter.com/i/web/status/8â€¦', 'indices': [112, 135]}]}",,64202,False,,885992108565291008,885992108565291008,,,,,,False,en,,False,16013,False,"<a href=""https://studio.twitter.com"" rel=""nofollow"">Media Studio</a>","President @EmmanuelMacron,
Thank you for inviting Melania and myself to such a historic celebration in France.â€¦ https://t.co/TQH3wEGxT8",True,"{'id': 25073877, 'id_str': '25073877', 'name': 'Donald J. Trump', 'screen_name': 'realDonaldTrump', 'location': 'Washington, DC', 'description': '45th President of the United States of America', 'url': None, 'entities': {'description': {'urls': []}}, 'protected': False, 'followers_count': 33856515, 'friends_count': 45, 'listed_count': 73040, 'created_at': 'Wed Mar 18 13:46:38 +0000 2009', 'favourites_count': 14, 'utc_offset': -14400, 'time_zone': 'Eastern Time (US & Canada)', 'geo_enabled': True, 'verified': True, 'statuses_count': 35298, 'lang': 'en', 'contributors_enabled': False, 'is_translator': False, 'is_translation_enabled': True, 'profile_background_color': '6D5C18', 'profile_background_image_url': 'http://pbs.twimg.com/profile_background_images/530021613/trump_scotland__43_of_70_cc.jpg', 'profile_background_image_url_https': 'https://pbs.twimg.com/profile_background_images/530021613/trump_scotland__43_of_70_cc.jpg', 'profile_background_tile': True, 'profile_image_url': 'http://pbs.twimg.com/profile_images/874276197357596672/kUuht00m_normal.jpg', 'profile_image_url_https': 'https://pbs.twimg.com/profile_images/874276197357596672/kUuht00m_normal.jpg', 'profile_banner_url': 'https://pbs.twimg.com/profile_banners/25073877/1500067474', 'profile_link_color': '1B95E0', 'profile_sidebar_border_color': 'BDDCAD', 'profile_sidebar_fill_color': 'C5CEC0', 'profile_text_color': '333333', 'profile_use_background_image': True, 'has_extended_profile': False, 'default_profile': False, 'default_profile_image': False, 'following': True, 'follow_request_sent': False, 'notifications': True, 'translator_type': 'regular'}"
9,,,Fri Jul 14 22:22:58 +0000 2017,"{'hashtags': [], 'symbols': [], 'user_mentions': [{'screen_name': 'EmmanuelMacron', 'name': 'Emmanuel Macron', 'id': 1976143068, 'id_str': '1976143068', 'indices': [74, 89]}], 'urls': []}",,54321,False,,885988016912838656,885988016912838656,,,,,,False,en,,,9616,False,"<a href=""http://twitter.com/download/iphone"" rel=""nofollow"">Twitter for iPhone</a>","Just landed from Paris, France. It was an incredible visit with President @EmmanuelMacron. A lot discussed and accomplished in two days!",False,"{'id': 25073877, 'id_str': '25073877', 'name': 'Donald J. Trump', 'screen_name': 'realDonaldTrump', 'location': 'Washington, DC', 'description': '45th President of the United States of America', 'url': None, 'entities': {'description': {'urls': []}}, 'protected': False, 'followers_count': 33856515, 'friends_count': 45, 'listed_count': 73040, 'created_at': 'Wed Mar 18 13:46:38 +0000 2009', 'favourites_count': 14, 'utc_offset': -14400, 'time_zone': 'Eastern Time (US & Canada)', 'geo_enabled': True, 'verified': True, 'statuses_count': 35298, 'lang': 'en', 'contributors_enabled': False, 'is_translator': False, 'is_translation_enabled': True, 'profile_background_color': '6D5C18', 'profile_background_image_url': 'http://pbs.twimg.com/profile_background_images/530021613/trump_scotland__43_of_70_cc.jpg', 'profile_background_image_url_https': 'https://pbs.twimg.com/profile_background_images/530021613/trump_scotland__43_of_70_cc.jpg', 'profile_background_tile': True, 'profile_image_url': 'http://pbs.twimg.com/profile_images/874276197357596672/kUuht00m_normal.jpg', 'profile_image_url_https': 'https://pbs.twimg.com/profile_images/874276197357596672/kUuht00m_normal.jpg', 'profile_banner_url': 'https://pbs.twimg.com/profile_banners/25073877/1500067474', 'profile_link_color': '1B95E0', 'profile_sidebar_border_color': 'BDDCAD', 'profile_sidebar_fill_color': 'C5CEC0', 'profile_text_color': '333333', 'profile_use_background_image': True, 'has_extended_profile': False, 'default_profile': False, 'default_profile_image': False, 'following': True, 'follow_request_sent': False, 'notifications': True, 'translator_type': 'regular'}"
10,,,Fri Jul 14 14:16:34 +0000 2017,"{'hashtags': [{'text': 'USWomensOpen', 'indices': [70, 83]}], 'symbols': [], 'user_mentions': [], 'urls': []}",,53300,False,,885865609971605508,885865609971605508,,,,,,False,en,,,8933,False,"<a href=""http://twitter.com/download/iphone"" rel=""nofollow"">Twitter for iPhone</a>","Left Paris for U.S.A. Will be heading to New Jersey and attending the
#USWomensOpen, their most important tournament, this afternoon.",False,"{'id': 25073877, 'id_str': '25073877', 'name': 'Donald J. Trump', 'screen_name': 'realDonaldTrump', 'location': 'Washington, DC', 'description': '45th President of the United States of America', 'url': None, 'entities': {'description': {'urls': []}}, 'protected': False, 'followers_count': 33856515, 'friends_count': 45, 'listed_count': 73040, 'created_at': 'Wed Mar 18 13:46:38 +0000 2009', 'favourites_count': 14, 'utc_offset': -14400, 'time_zone': 'Eastern Time (US & Canada)', 'geo_enabled': True, 'verified': True, 'statuses_count': 35298, 'lang': 'en', 'contributors_enabled': False, 'is_translator': False, 'is_translation_enabled': True, 'profile_background_color': '6D5C18', 'profile_background_image_url': 'http://pbs.twimg.com/profile_background_images/530021613/trump_scotland__43_of_70_cc.jpg', 'profile_background_image_url_https': 'https://pbs.twimg.com/profile_background_images/530021613/trump_scotland__43_of_70_cc.jpg', 'profile_background_tile': True, 'profile_image_url': 'http://pbs.twimg.com/profile_images/874276197357596672/kUuht00m_normal.jpg', 'profile_image_url_https': 'https://pbs.twimg.com/profile_images/874276197357596672/kUuht00m_normal.jpg', 'profile_banner_url': 'https://pbs.twimg.com/profile_banners/25073877/1500067474', 'profile_link_color': '1B95E0', 'profile_sidebar_border_color': 'BDDCAD', 'profile_sidebar_fill_color': 'C5CEC0', 'profile_text_color': '333333', 'profile_use_background_image': True, 'has_extended_profile': False, 'default_profile': False, 'default_profile_image': False, 'following': True, 'follow_request_sent': False, 'notifications': True, 'translator_type': 'regular'}"
11,,,Fri Jul 14 13:47:19 +0000 2017,"{'hashtags': [], 'symbols': [], 'user_mentions': [{'screen_name': 'EmmanuelMacron', 'name': 'Emmanuel Macron', 'id': 1976143068, 'id_str': '1976143068', 'indices': [35, 50]}], 'urls': []}",,46230,False,,885858247277727746,885858247277727746,,,,,,False,en,,,8652,False,"<a href=""http://twitter.com/download/iphone"" rel=""nofollow"">Twitter for iPhone</a>","Great conversations with President @EmmanuelMacron and his representatives on trade, military and security.",False,"{'id': 25073877, 'id_str': '25073877', 'name': 'Donald J. Trump', 'screen_name': 'realDonaldTrump', 'location': 'Washington, DC', 'description': '45th President of the United States of America', 'url': None, 'entities': {'description': {'urls': []}}, 'protected': False, 'followers_count': 33856515, 'friends_count': 45, 'listed_count': 73040, 'created_at': 'Wed Mar 18 13:46:38 +0000 2009', 'favourites_count': 14, 'utc_offset': -14400, 'time_zone': 'Eastern Time (US & Canada)', 'geo_enabled': True, 'verified': True, 'statuses_count': 35298, 'lang': 'en', 'contributors_enabled': False, 'is_translator': False, 'is_translation_enabled': True, 'profile_background_color': '6D5C18', 'profile_background_image_url': 'http://pbs.twimg.com/profile_background_images/530021613/trump_scotland__43_of_70_cc.jpg', 'profile_background_image_url_https': 'https://pbs.twimg.com/profile_background_images/530021613/trump_scotland__43_of_70_cc.jpg', 'profile_background_tile': True, 'profile_image_url': 'http://pbs.twimg.com/profile_images/874276197357596672/kUuht00m_normal.jpg', 'profile_image_url_https': 'https://pbs.twimg.com/profile_images/874276197357596672/kUuht00m_normal.jpg', 'profile_banner_url': 'https://pbs.twimg.com/profile_banners/25073877/1500067474', 'profile_link_color': '1B95E0', 'profile_sidebar_border_color': 'BDDCAD', 'profile_sidebar_fill_color': 'C5CEC0', 'profile_text_color': '333333', 'profile_use_background_image': True, 'has_extended_profile': False, 'default_profile': False, 'default_profile_image': False, 'following': True, 'follow_request_sent': False, 'notifications': True, 'translator_type': 'regular'}"
12,,,Fri Jul 14 13:39:47 +0000 2017,"{'hashtags': [], 'symbols': [], 'user_mentions': [], 'urls': [], 'media': [{'id': 885856300843880449, 'id_str': '885856300843880449', 'indices': [116, 139], 'media_url': 'http://pbs.twimg.com/media/DEsxnLXXUAEJ-6L.jpg', 'media_url_https': 'https://pbs.twimg.com/media/DEsxnLXXUAEJ-6L.jpg', 'url': 'https://t.co/7irbz08oT3', 'display_url': 'pic.twitter.com/7irbz08oT3', 'expanded_url': 'https://twitter.com/realDonaldTrump/status/885856351557210112/photo/1', 'type': 'photo', 'sizes': {'medium': {'w': 1024, 'h': 512, 'resize': 'fit'}, 'thumb': {'w': 150, 'h': 150, 'resize': 'crop'}, 'small': {'w': 680, 'h': 340, 'resize': 'fit'}, 'large': {'w': 1024, 'h': 512, 'resize': 'fit'}}}]}","{'media': [{'id': 885856300843880449, 'id_str': '885856300843880449', 'indices': [116, 139], 'media_url': 'http://pbs.twimg.com/media/DEsxnLXXUAEJ-6L.jpg', 'media_url_https': 'https://pbs.twimg.com/media/DEsxnLXXUAEJ-6L.jpg', 'url': 'https://t.co/7irbz08oT3', 'display_url': 'pic.twitter.com/7irbz08oT3', 'expanded_url': 'https://twitter.com/realDonaldTrump/status/885856351557210112/photo/1', 'type': 'photo', 'sizes': {'medium': {'w': 1024, 'h': 512, 'resize': 'fit'}, 'thumb': {'w': 150, 'h': 150, 'resize': 'crop'}, 'small': {'w': 680, 'h': 340, 'resize': 'fit'}, 'large': {'w': 1024, 'h': 512, 'resize': 'fit'}}}]}",47385,False,,885856351557210112,885856351557210112,,,,,,False,en,,False,10355,False,"<a href=""http://twitter.com/download/iphone"" rel=""nofollow"">Twitter for iPhone</a>","The United States mourns for the victims of Nice, France. We pledge our solidarity with France against terror. ðŸ‡ºðŸ‡¸ðŸ‡«ðŸ‡· https://t.co/7irbz08oT3",False,"{'id': 25073877, 'id_str': '25073877', 'name': 'Donald J. Trump', 'screen_name': 'realDonaldTrump', 'location': 'Washington, DC', 'description': '45th President of the United States of America', 'url': None, 'entities': {'description': {'urls': []}}, 'protected': False, 'followers_count': 33856515, 'friends_count': 45, 'listed_count': 73040, 'created_at': 'Wed Mar 18 13:46:38 +0000 2009', 'favourites_count': 14, 'utc_offset': -14400, 'time_zone': 'Eastern Time (US & Canada)', 'geo_enabled': True, 'verified': True, 'statuses_count': 35298, 'lang': 'en', 'contributors_enabled': False, 'is_translator': False, 'is_translation_enabled': True, 'profile_background_color': '6D5C18', 'profile_background_image_url': 'http://pbs.twimg.com/profile_background_images/530021613/trump_scotland__43_of_70_cc.jpg', 'profile_background_image_url_https': 'https://pbs.twimg.com/profile_background_images/530021613/trump_scotland__43_of_70_cc.jpg', 'profile_background_tile': True, 'profile_image_url': 'http://pbs.twimg.com/profile_images/874276197357596672/kUuht00m_normal.jpg', 'profile_image_url_https': 'https://pbs.twimg.com/profile_images/874276197357596672/kUuht00m_normal.jpg', 'profile_banner_url': 'https://pbs.twimg.com/profile_banners/25073877/1500067474', 'profile_link_color': '1B95E0', 'profile_sidebar_border_color': 'BDDCAD', 'profile_sidebar_fill_color': 'C5CEC0', 'profile_text_color': '333333', 'profile_use_background_image': True, 'has_extended_profile': False, 'default_profile': False, 'default_profile_image': False, 'following': True, 'follow_request_sent': False, 'notifications': True, 'translator_type': 'regular'}"
13,,,Fri Jul 14 11:04:16 +0000 2017,"{'hashtags': [{'text': 'BastilleDay', 'indices': [71, 83]}], 'symbols': [], 'user_mentions': [], 'urls': [{'url': 'https://t.co/zzeoHyHhNV', 'expanded_url': 'https://twitter.com/i/web/status/885817217455140864', 'display_url': 'twitter.com/i/web/status/8â€¦', 'indices': [117, 140]}]}",,62147,False,,885817217455140864,885817217455140864,,,,,,False,en,,False,14000,False,"<a href=""http://twitter.com/download/iphone"" rel=""nofollow"">Twitter for iPhone</a>",It was a great honor to represent the United States at the magnificent #BastilleDay parade. Congratulations Presideâ€¦ https://t.co/zzeoHyHhNV,True,"{'id': 25073877, 'id_str': '25073877', 'name': 'Donald J. Trump', 'screen_name': 'realDonaldTrump', 'location': 'Washington, DC', 'description': '45th President of the United States of America', 'url': None, 'entities': {'description': {'urls': []}}, 'protected': False, 'followers_count': 33856515, 'friends_count': 45, 'listed_count': 73040, 'created_at': 'Wed Mar 18 13:46:38 +0000 2009', 'favourites_count': 14, 'utc_offset': -14400, 'time_zone': 'Eastern Time (US & Canada)', 'geo_enabled': True, 'verified': True, 'statuses_count': 35298, 'lang': 'en', 'contributors_enabled': False, 'is_translator': False, 'is_translation_enabled': True, 'profile_background_color': '6D5C18', 'profile_background_image_url': 'http://pbs.twimg.com/profile_background_images/530021613/trump_scotland__43_of_70_cc.jpg', 'profile_background_image_url_https': 'https://pbs.twimg.com/profile_background_images/530021613/trump_scotland__43_of_70_cc.jpg', 'profile_background_tile': True, 'profile_image_url': 'http://pbs.twimg.com/profile_images/874276197357596672/kUuht00m_normal.jpg', 'profile_image_url_https': 'https://pbs.twimg.com/profile_images/874276197357596672/kUuht00m_normal.jpg', 'profile_banner_url': 'https://pbs.twimg.com/profile_banners/25073877/1500067474', 'profile_link_color': '1B95E0', 'profile_sidebar_border_color': 'BDDCAD', 'profile_sidebar_fill_color': 'C5CEC0', 'profile_text_color': '333333', 'profile_use_background_image': True, 'has_extended_profile': False, 'default_profile': False, 'default_profile_image': False, 'following': True, 'follow_request_sent': False, 'notifications': True, 'translator_type': 'regular'}"
14,,,Fri Jul 14 08:09:05 +0000 2017,"{'hashtags': [], 'symbols': [], 'user_mentions': [{'screen_name': 'VP', 'name': 'Vice President Pence', 'id': 818910970567344128, 'id_str': '818910970567344128', 'indices': [1, 4]}], 'urls': []}",,55187,False,,885773130723205120,885773130723205120,,,,,,False,en,,,10601,False,"<a href=""http://twitter.com/download/iphone"" rel=""nofollow"">Twitter for iPhone</a>",.@VP Mike Pence is working hard on HealthCare and getting our wonderful Republican Senators to do what is right for the people.,False,"{'id': 25073877, 'id_str': '25073877', 'name': 'Donald J. Trump', 'screen_name': 'realDonaldTrump', 'location': 'Washington, DC', 'description': '45th President of the United States of America', 'url': None, 'entities': {'description': {'urls': []}}, 'protected': False, 'followers_count': 33856515, 'friends_count': 45, 'listed_count': 73040, 'created_at': 'Wed Mar 18 13:46:38 +0000 2009', 'favourites_count': 14, 'utc_offset': -14400, 'time_zone': 'Eastern Time (US & Canada)', 'geo_enabled': True, 'verified': True, 'statuses_count': 35298, 'lang': 'en', 'contributors_enabled': False, 'is_translator': False, 'is_translation_enabled': True, 'profile_background_color': '6D5C18', 'profile_background_image_url': 'http://pbs.twimg.com/profile_background_images/530021613/trump_scotland__43_of_70_cc.jpg', 'profile_background_image_url_https': 'https://pbs.twimg.com/profile_background_images/530021613/trump_scotland__43_of_70_cc.jpg', 'profile_background_tile': True, 'profile_image_url': 'http://pbs.twimg.com/profile_images/874276197357596672/kUuht00m_normal.jpg', 'profile_image_url_https': 'https://pbs.twimg.com/profile_images/874276197357596672/kUuht00m_normal.jpg', 'profile_banner_url': 'https://pbs.twimg.com/profile_banners/25073877/1500067474', 'profile_link_color': '1B95E0', 'profile_sidebar_border_color': 'BDDCAD', 'profile_sidebar_fill_color': 'C5CEC0', 'profile_text_color': '333333', 'profile_use_background_image': True, 'has_extended_profile': False, 'default_profile': False, 'default_profile_image': False, 'following': True, 'follow_request_sent': False, 'notifications': True, 'translator_type': 'regular'}"
15,,,Fri Jul 14 08:07:29 +0000 2017,"{'hashtags': [], 'symbols': [], 'user_mentions': [], 'urls': []}",,68583,False,,885772727315030020,885772727315030020,,,,,,False,en,,,15218,False,"<a href=""http://twitter.com/download/iphone"" rel=""nofollow"">Twitter for iPhone</a>","After all of these years of suffering thru ObamaCare, Republican Senators must come through as they have promised!",False,"{'id': 25073877, 'id_str': '25073877', 'name': 'Donald J. Trump', 'screen_name': 'realDonaldTrump', 'location': 'Washington, DC', 'description': '45th President of the United States of America', 'url': None, 'entities': {'description': {'urls': []}}, 'protected': False, 'followers_count': 33856515, 'friends_count': 45, 'listed_count': 73040, 'created_at': 'Wed Mar 18 13:46:38 +0000 2009', 'favourites_count': 14, 'utc_offset': -14400, 'time_zone': 'Eastern Time (US & Canada)', 'geo_enabled': True, 'verified': True, 'statuses_count': 35298, 'lang': 'en', 'contributors_enabled': False, 'is_translator': False, 'is_translation_enabled': True, 'profile_background_color': '6D5C18', 'profile_background_image_url': 'http://pbs.twimg.com/profile_background_images/530021613/trump_scotland__43_of_70_cc.jpg', 'profile_background_image_url_https': 'https://pbs.twimg.com/profile_background_images/530021613/trump_scotland__43_of_70_cc.jpg', 'profile_background_tile': True, 'profile_image_url': 'http://pbs.twimg.com/profile_images/874276197357596672/kUuht00m_normal.jpg', 'profile_image_url_https': 'https://pbs.twimg.com/profile_images/874276197357596672/kUuht00m_normal.jpg', 'profile_banner_url': 'https://pbs.twimg.com/profile_banners/25073877/1500067474', 'profile_link_color': '1B95E0', 'profile_sidebar_border_color': 'BDDCAD', 'profile_sidebar_fill_color': 'C5CEC0', 'profile_text_color': '333333', 'profile_use_background_image': True, 'has_extended_profile': False, 'default_profile': False, 'default_profile_image': False, 'following': True, 'follow_request_sent': False, 'notifications': True, 'translator_type': 'regular'}"
16,,,Fri Jul 14 08:05:36 +0000 2017,"{'hashtags': [], 'symbols': [], 'user_mentions': [{'screen_name': 'SenateMajLdr', 'name': 'Leader McConnell', 'id': 1249982359, 'id_str': '1249982359', 'indices': [42, 55]}], 'urls': []}",,45450,False,,885772254017187840,885772254017187840,,,,,,False,en,,,9268,False,"<a href=""http://twitter.com/download/iphone"" rel=""nofollow"">Twitter for iPhone</a>","So impt Rep Senators, under leadership of @SenateMajLdr McConnell get healthcare plan approved. After 7yrs of O'Care disaster, must happen!",False,"{'id': 25073877, 'id_str': '25073877', 'name': 'Donald J. Trump', 'screen_name': 'realDonaldTrump', 'location': 'Washington, DC', 'description': '45th President of the United States of America', 'url': None, 'entities': {'description': {'urls': []}}, 'protected': False, 'followers_count': 33856515, 'friends_count': 45, 'listed_count': 73040, 'created_at': 'Wed Mar 18 13:46:38 +0000 2009', 'favourites_count': 14, 'utc_offset': -14400, 'time_zone': 'Eastern Time (US & Canada)', 'geo_enabled': True, 'verified': True, 'statuses_count': 35298, 'lang': 'en', 'contributors_enabled': False, 'is_translator': False, 'is_translation_enabled': True, 'profile_background_color': '6D5C18', 'profile_background_image_url': 'http://pbs.twimg.com/profile_background_images/530021613/trump_scotland__43_of_70_cc.jpg', 'profile_background_image_url_https': 'https://pbs.twimg.com/profile_background_images/530021613/trump_scotland__43_of_70_cc.jpg', 'profile_background_tile': True, 'profile_image_url': 'http://pbs.twimg.com/profile_images/874276197357596672/kUuht00m_normal.jpg', 'profile_image_url_https': 'https://pbs.twimg.com/profile_images/874276197357596672/kUuht00m_normal.jpg', 'profile_banner_url': 'https://pbs.twimg.com/profile_banners/25073877/1500067474', 'profile_link_color': '1B95E0', 'profile_sidebar_border_color': 'BDDCAD', 'profile_sidebar_fill_color': 'C5CEC0', 'profile_text_color': '333333', 'profile_use_background_image': True, 'has_extended_profile': False, 'default_profile': False, 'default_profile_image': False, 'following': True, 'follow_request_sent': False, 'notifications': True, 'translator_type': 'regular'}"
17,,,Fri Jul 14 07:57:33 +0000 2017,"{'hashtags': [], 'symbols': [], 'user_mentions': [], 'urls': []}",,65038,False,,885770227514052608,885770227514052608,,,,,,False,en,,,13307,False,"<a href=""http://twitter.com/download/iphone"" rel=""nofollow"">Twitter for iPhone</a>","Republicans Senators are working hard to get their failed ObamaCare replacement approved. I will be at my desk, pen in hand!",False,"{'id': 25073877, 'id_str': '25073877', 'name': 'Donald J. Trump', 'screen_name': 'realDonaldTrump', 'location': 'Washington, DC', 'description': '45th President of the United States of America', 'url': None, 'entities': {'description': {'urls': []}}, 'protected': False, 'followers_count': 33856515, 'friends_count': 45, 'listed_count': 73040, 'created_at': 'Wed Mar 18 13:46:38 +0000 2009', 'favourites_count': 14, 'utc_offset': -14400, 'time_zone': 'Eastern Time (US & Canada)', 'geo_enabled': True, 'verified': True, 'statuses_count': 35298, 'lang': 'en', 'contributors_enabled': False, 'is_translator': False, 'is_translation_enabled': True, 'profile_background_color': '6D5C18', 'profile_background_image_url': 'http://pbs.twimg.com/profile_background_images/530021613/trump_scotland__43_of_70_cc.jpg', 'profile_background_image_url_https': 'https://pbs.twimg.com/profile_background_images/530021613/trump_scotland__43_of_70_cc.jpg', 'profile_background_tile': True, 'profile_image_url': 'http://pbs.twimg.com/profile_images/874276197357596672/kUuht00m_normal.jpg', 'profile_image_url_https': 'https://pbs.twimg.com/profile_images/874276197357596672/kUuht00m_normal.jpg', 'profile_banner_url': 'https://pbs.twimg.com/profile_banners/25073877/1500067474', 'profile_link_color': '1B95E0', 'profile_sidebar_border_color': 'BDDCAD', 'profile_sidebar_fill_color': 'C5CEC0', 'profile_text_color': '333333', 'profile_use_background_image': True, 'has_extended_profile': False, 'default_profile': False, 'default_profile_image': False, 'following': True, 'follow_request_sent': False, 'notifications': True, 'translator_type': 'regular'}"
18,,,Fri Jul 14 07:56:26 +0000 2017,"{'hashtags': [], 'symbols': [], 'user_mentions': [{'screen_name': 'EmmanuelMacron', 'name': 'Emmanuel Macron', 'id': 1976143068, 'id_str': '1976143068', 'indices': [29, 44]}], 'urls': [{'url': 'https://t.co/NwXtE5GwkT', 'expanded_url': 'https://twitter.com/i/web/status/885769944482414593', 'display_url': 'twitter.com/i/web/status/8â€¦', 'indices': [121, 144]}]}",,41299,False,,885769944482414593,885769944482414593,,,,,,False,en,,False,8398,False,"<a href=""http://twitter.com/download/iphone"" rel=""nofollow"">Twitter for iPhone</a>",Great evening with President @EmmanuelMacron &amp; Mrs. Macron. Went to Eiffel Tower for dinner. Relationship with Franâ€¦ https://t.co/NwXtE5GwkT,True,"{'id': 25073877, 'id_str': '25073877', 'name': 'Donald J. Trump', 'screen_name': 'realDonaldTrump', 'location': 'Washington, DC', 'description': '45th President of the United States of America', 'url': None, 'entities': {'description': {'urls': []}}, 'protected': False, 'followers_count': 33856515, 'friends_count': 45, 'listed_count': 73040, 'created_at': 'Wed Mar 18 13:46:38 +0000 2009', 'favourites_count': 14, 'utc_offset': -14400, 'time_zone': 'Eastern Time (US & Canada)', 'geo_enabled': True, 'verified': True, 'statuses_count': 35298, 'lang': 'en', 'contributors_enabled': False, 'is_translator': False, 'is_translation_enabled': True, 'profile_background_color': '6D5C18', 'profile_background_image_url': 'http://pbs.twimg.com/profile_background_images/530021613/trump_scotland__43_of_70_cc.jpg', 'profile_background_image_url_https': 'https://pbs.twimg.com/profile_background_images/530021613/trump_scotland__43_of_70_cc.jpg', 'profile_background_tile': True, 'profile_image_url': 'http://pbs.twimg.com/profile_images/874276197357596672/kUuht00m_normal.jpg', 'profile_image_url_https': 'https://pbs.twimg.com/profile_images/874276197357596672/kUuht00m_normal.jpg', 'profile_banner_url': 'https://pbs.twimg.com/profile_banners/25073877/1500067474', 'profile_link_color': '1B95E0', 'profile_sidebar_border_color': 'BDDCAD', 'profile_sidebar_fill_color': 'C5CEC0', 'profile_text_color': '333333', 'profile_use_background_image': True, 'has_extended_profile': False, 'default_profile': False, 'default_profile_image': False, 'following': True, 'follow_request_sent': False, 'notifications': True, 'translator_type': 'regular'}"
19,,,Thu Jul 13 19:20:56 +0000 2017,"{'hashtags': [], 'symbols': [], 'user_mentions': [{'screen_name': 'EmmanuelMacron', 'name': 'Emmanuel Macron', 'id': 1976143068, 'id_str': '1976143068', 'indices': [55, 70]}], 'urls': [{'url': 'https://t.co/mrT2C6ylZl', 'expanded_url': 'https://twitter.com/i/web/status/885579818875670528', 'display_url': 'twitter.com/i/web/status/8â€¦', 'indices': [116, 139]}]}",,55373,False,,885579818875670528,885579818875670528,,,,,,False,en,,False,12309,False,"<a href=""http://twitter.com/download/iphone"" rel=""nofollow"">Twitter for iPhone</a>",Great bilateral meetings at Ã‰lysÃ©e Palace w/ President @EmmanuelMacron. The friendship between our two nations andâ€¦ https://t.co/mrT2C6ylZl,True,"{'id': 25073877, 'id_str': '25073877', 'name': 'Donald J. Trump', 'screen_name': 'realDonaldTrump', 'location': 'Washington, DC', 'description': '45th President of the United States of America', 'url': None, 'entities': {'description': {'urls': []}}, 'protected': False, 'followers_count': 33856515, 'friends_count': 45, 'listed_count': 73040, 'created_at': 'Wed Mar 18 13:46:38 +0000 2009', 'favourites_count': 14, 'utc_offset': -14400, 'time_zone': 'Eastern Time (US & Canada)', 'geo_enabled': True, 'verified': True, 'statuses_count': 35298, 'lang': 'en', 'contributors_enabled': False, 'is_translator': False, 'is_translation_enabled': True, 'profile_background_color': '6D5C18', 'profile_background_image_url': 'http://pbs.twimg.com/profile_background_images/530021613/trump_scotland__43_of_70_cc.jpg', 'profile_background_image_url_https': 'https://pbs.twimg.com/profile_background_images/530021613/trump_scotland__43_of_70_cc.jpg', 'profile_background_tile': True, 'profile_image_url': 'http://pbs.twimg.com/profile_images/874276197357596672/kUuht00m_normal.jpg', 'profile_image_url_https': 'https://pbs.twimg.com/profile_images/874276197357596672/kUuht00m_normal.jpg', 'profile_banner_url': 'https://pbs.twimg.com/profile_banners/25073877/1500067474', 'profile_link_color': '1B95E0', 'profile_sidebar_border_color': 'BDDCAD', 'profile_sidebar_fill_color': 'C5CEC0', 'profile_text_color': '333333', 'profile_use_background_image': True, 'has_extended_profile': False, 'default_profile': False, 'default_profile_image': False, 'following': True, 'follow_request_sent': False, 'notifications': True, 'translator_type': 'regular'}"
